term,estimate,std.error,statistic,p.value
(Intercept),14.36217429106082,1.1446395075826317,12.547334069738994,6.442599074650346e-34
OMI_NO2,1.9201906273751597,0.21357536059931875,8.990693598675747,1.0012137357104959e-18
traffint_500,3.8527357396004898,0.4555044702085871,8.45817328167213,8.238273798150351e-17
month_trans,6.528193630215053,0.2668817557342273,24.46099626501303,1.5743814856127963e-106
mjdens_100,0.8329298137269681,0.06854671818893283,12.151271946108256,4.946182290425862e-32
mjdens_2000,1.85398677367429,0.11384429969167306,16.285284188101485,9.246610385553564e-54
tcc_15H,-16.559849020794893,1.4865676307789202,-11.139653977342418,1.9870223847367955e-27
ws_15H,-2.1930634215917233,0.22352402709941818,-9.811309549359098,7.203751941370912e-22
traffint_0,1.3001636402213372,0.15168842569231136,8.571277830113564,3.291271667578463e-17
