name,value,model,product
Moran_I_statistic,-0.016378028954087766,RF,OMI
Expectation,-0.010101010101010102,RF,OMI
Variance,2.868502287110753e-5,RF,OMI
p,0.8794005082563873,RF,OMI
