name,value,model,product
Moran_I_statistic,-0.010787745812701624,RF,OMI
Expectation,-0.010526315789473684,RF,OMI
Variance,3.964648701465421e-5,RF,OMI
p,0.5165591640064583,RF,OMI
