name,value,model,product
Moran_I_statistic,-0.02566072250861715,NN,OMI
Expectation,-0.010526315789473684,NN,OMI
Variance,3.9495336833085865e-5,NN,OMI
p,0.9919842944563737,NN,OMI
