name,value,model,product
Moran_I_statistic,-0.0113260939403745,NN,OMI
Expectation,-0.010526315789473684,NN,OMI
Variance,3.922410727219608e-5,NN,OMI
p,0.5508070497876092,NN,OMI
