name,value,model,product
Moran_I_statistic,-0.005610496860455586,SLR,OMI
Expectation,-0.010526315789473684,SLR,OMI
Variance,3.9279445388630966e-5,SLR,OMI
p,0.2164156344503386,SLR,OMI
