name,value,model,product
Moran_I_statistic,-0.012335085240327852,RF,OMI
Expectation,-0.010526315789473684,RF,OMI
Variance,3.955122528836388e-5,RF,OMI
p,0.6131771680497643,RF,OMI
