name,value,model,product
Moran_I_statistic,-0.0070741589370147545,GBM,OMI
Expectation,-0.010526315789473684,GBM,OMI
Variance,3.971140068872847e-5,GBM,OMI
p,0.2919099030988551,GBM,OMI
