name,value,model,product
Moran_I_statistic,-0.011669646384308471,GBM,OMI
Expectation,-0.010101010101010102,GBM,OMI
Variance,1.9629499046298126e-5,GBM,OMI
p,0.6383502253212274,GBM,OMI
