name,value,model,product
Moran_I_statistic,-0.0033493918222844165,SLR,OMI
Expectation,-0.010101010101010102,SLR,OMI
Variance,3.6198005405099404e-5,SLR,OMI
p,0.13089128999335037,SLR,OMI
