name,value,model,product
Moran_I_statistic,-0.01389838792445296,RF,OMI
Expectation,-0.010526315789473684,RF,OMI
Variance,3.965821350786172e-5,RF,OMI
p,0.703835479791463,RF,OMI
