name,value,model,product
Moran_I_statistic,-0.012856435086575342,RF,OMI
Expectation,-0.010101010101010102,RF,OMI
Variance,2.7437411517133427e-5,RF,OMI
p,0.7005690579470212,RF,OMI
