name,value,model,product
Moran_I_statistic,-0.01770928349956417,NN,OMI
Expectation,-0.010526315789473684,NN,OMI
Variance,3.91674863629718e-5,NN,OMI
p,0.8744607044963928,NN,OMI
