name,value,model,product
Moran_I_statistic,-0.01026271613715733,NN,OMI
Expectation,-0.010526315789473684,NN,OMI
Variance,3.728570108191196e-5,NN,OMI
p,0.48278334135830536,NN,OMI
