term,estimate,std.error,statistic,p.value
(Intercept),2.2369013191402285,0.020507107631222127,109.07931822304089,0
OMI_NO2,0.3066179010806333,0.005707234044078789,53.72443090865478,0
traffint_500,0.6723367242662666,0.01527015964849065,44.02944957636526,0
ws_15H,-0.37053341889814184,0.005870395700101017,-63.11898512936117,0
mjdens_100,0.07784103038472463,0.0021571578137790193,36.08499567695455,6.715654960642329e-280
mjdens_2000,0.17549223843128942,0.0036055578287415417,48.672701081746894,0
day_trans_7,-0.2801354556432229,0.007849691694890228,-35.68744691279756,6.363104341100341e-274
traffint_0,0.13987194006485168,0.004795646657536831,29.166439909627027,9.316177133043895e-185
