term,estimate,std.error,statistic,p.value
(Intercept),2.1961679940472423,0.017470351962490974,125.708285600796,0
TROPOMI_NO2,0.24808766308284463,0.004930751702436428,50.31436950277932,0
traffint_500,0.6778165790647717,0.013030835050931827,52.01635784778823,0
day_trans,0.6729123334903364,0.007119018825760634,94.52318500062948,0
mjdens_100,0.07445824486469016,0.0018419912355819236,40.42269226170734,0
ws_12H,-0.32928277271536144,0.005096026935800519,-64.61558717480277,0
mjdens_2000,0.17690184502349615,0.0031016948070126957,57.03393016731838,0
day_trans_7,-0.28230578396887435,0.006702258563221013,-42.120992693126134,0
traffint_0,0.13926263321272683,0.004093095564902038,34.02379226297392,1.4018741913286154e-249
