name,value,model,product
Moran_I_statistic,-0.016917021280771903,GBM,OMI
Expectation,-0.010101010101010102,GBM,OMI
Variance,2.881752032624271e-5,GBM,OMI
p,0.8979046970018055,GBM,OMI
