name,value,model,product
Moran_I_statistic,-0.0023870389771640426,GWR,OMI
Expectation,-0.010526315789473684,GWR,OMI
Variance,3.933813919082425e-5,GWR,OMI
p,0.09719285527430921,GWR,OMI
