name,value,model,product
Moran_I_statistic,-0.012738933701900115,NN,OMI
Expectation,-0.010526315789473684,NN,OMI
Variance,3.874870309990545e-5,NN,OMI
p,0.6388735431720877,NN,OMI
