name,value,model,product
Moran_I_statistic,-0.005148134659415789,NN,OMI
Expectation,-0.010101010101010102,NN,OMI
Variance,3.5584119212497895e-5,NN,OMI
p,0.20318769662205988,NN,OMI
