name,value,model,product
Moran_I_statistic,-0.02057113879824938,NN,OMI
Expectation,-0.010526315789473684,NN,OMI
Variance,3.8028868693301316e-5,NN,OMI
p,0.9483293958570989,NN,OMI
