name,value,model,product
Moran_I_statistic,-0.024587577278999972,RF,OMI
Expectation,-0.010526315789473684,RF,OMI
Variance,3.9190454740018775e-5,RF,OMI
p,0.9876520338116657,RF,OMI
