name,value,model,product
Moran_I_statistic,-0.014116615612806749,RF,OMI
Expectation,-0.010101010101010102,RF,OMI
Variance,3.628762889776634e-5,RF,OMI
p,0.7474893216012071,RF,OMI
