name,value,model,product
Moran_I_statistic,-0.0023887408332524895,SLR,OMI
Expectation,-0.010526315789473684,SLR,OMI
Variance,3.9338404074829066e-5,SLR,OMI
p,0.09724025220643447,SLR,OMI
