term,estimate,std.error,statistic,p.value
(Intercept),35.761319350733125,11.480814190228147,3.1148765896038317,0.002453957925970671
OMI_NO2,1.1705750904742762,0.5951577262231288,1.9668317135068485,0.0522158293146765
traffint_500,2.7239399427394497,1.3108626147835305,2.07797515316986,0.04049724117863456
mjdens_100,1.2112127456362445,0.19588170508599617,6.183388821863158,1.7036481440279496e-8
mjdens_2000,1.699926057927101,0.3179963098857681,5.345741460137557,6.512920033780816e-7
tcc_15H,-48.55695357111,17.6644136800761,-2.7488573609368063,0.007198256441631244
traffint_0,0.9902301827679417,0.4053416707047629,2.4429518461455983,0.016476925521175103
lc_IND_percent_1000,4892.63699017214,2163.701492898692,2.2612347434384388,0.02610126090532776
