term,estimate,std.error,statistic,p.value
(Intercept),3.612539239206073,1.7121459361695153,2.1099482017801576,0.037547943672354075
traffint_500,3.651829793962591,1.2818194855714151,2.8489423316377986,0.005400457260930328
mjdens_100,1.0125029558929939,0.18837884261441748,5.37482310561506,5.657716733020413e-7
mjdens_2000,1.40118480817735,0.3644243517251718,3.84492639293777,2.205768460370803e-4
lc_IND_percent_200,209.74248397357766,69.23536394920124,3.0294126008706774,0.003172144441664548
traffint_0,1.0444133628934358,0.4119162617239582,2.5354992262804608,0.012897246133325258
lc_IND_percent_10000,3958748.807570996,1618177.2232177844,2.4464247492613502,0.01630799498755754
