term,estimate,std.error,statistic,p.value
(Intercept),4.920899763557376,1.6601056550275821,2.9642087831305033,0.003893512856856945
traffint_500,2.7976049084993635,1.3016301487191542,2.1493086275331716,0.03432363208612001
mjdens_200,1.2361529218301204,0.21751025107548105,5.683193852786032,1.649385568372366e-7
mjdens_2000,1.5813529660438008,0.3293453014085843,4.801504558530141,6.321253671609443e-6
wd_15H,-2.3563732103819137,0.6838272371701031,-3.4458604195605655,8.706815957197466e-4
traffint_0,0.998865694698409,0.4102198966518676,2.4349518461950534,0.016888972810740886
lc_IND_percent_2000,38760.99688878253,16351.924898548907,2.370424101704518,0.0199267550866963
