term,estimate,std.error,statistic,p.value
(Intercept),4.476496576365813,1.7292893550527877,2.5886336276147173,0.011182276702737373
TROPOMI_NO2,1.755421135584855,0.6694842011641363,2.6220501283412383,0.01021199891395785
rdens_200,1.0475481138884142,0.45853216778735234,2.2845684283032077,0.02461239205326179
mjdens_2000,1.3531176100646882,0.3241686869255503,4.174115713944481,6.728639995005661e-5
mjdens_100,1.0280947913029603,0.2202566180501537,4.667713508017531,1.0209290779763957e-5
traffint_500,3.1320895690105344,1.3614410400555894,2.300569379693921,0.023651255412922016
lc_IND_percent_1000,5069.4097063992585,2226.5632277909117,2.276786773052424,0.025092123047074623
